{
  "best_epoch": 9,
  "peak_worker_0_memory_MB": 3482.8359375,
  "peak_gpu_0_memory_MB": 1881.6435546875,
  "training_duration": "0:05:47.633349",
  "epoch": 9,
  "training_accuracy": 0.9074640187437242,
  "training_accuracy3": 0.9075086466584849,
  "training_loss": 85.03264500802024,
  "training_worker_0_memory_MB": 3482.8359375,
  "training_gpu_0_memory_MB": 1881.6435546875,
  "validation_accuracy": 0.7558398220244716,
  "validation_accuracy3": 0.7558398220244716,
  "validation_loss": 169.4015077318464,
  "best_validation_accuracy": 0.7558398220244716,
  "best_validation_accuracy3": 0.7558398220244716,
  "best_validation_loss": 169.4015077318464
}